{
  "hash": "6d18f5f2",
  "configHash": "9a9ad6db",
  "lockfileHash": "a7d718b1",
  "browserHash": "6452ee39",
  "optimized": {
    "react": {
      "src": "../../node_modules/react/index.js",
      "file": "react.js",
      "fileHash": "edff7231",
      "needsInterop": true
    },
    "react-dom/client": {
      "src": "../../node_modules/react-dom/client.js",
      "file": "react-dom_client.js",
      "fileHash": "715771a9",
      "needsInterop": true
    },
    "react-router-dom": {
      "src": "../../node_modules/react-router-dom/dist/index.mjs",
      "file": "react-router-dom.js",
      "fileHash": "e92013c7",
      "needsInterop": false
    },
    "axios": {
      "src": "../../node_modules/axios/index.js",
      "file": "axios.js",
      "fileHash": "b12bc385",
      "needsInterop": false
    },
    "react-icons/fa": {
      "src": "../../node_modules/react-icons/fa/index.mjs",
      "file": "react-icons_fa.js",
      "fileHash": "2ad516f8",
      "needsInterop": false
    }
  },
  "chunks": {
    "chunk-3HME3SJ2": {
      "file": "chunk-3HME3SJ2.js"
    },
    "chunk-GH6UE3LJ": {
      "file": "chunk-GH6UE3LJ.js"
    },
    "chunk-G3PMV62Z": {
      "file": "chunk-G3PMV62Z.js"
    }
  }
}